qdr_rounded,pop_dos_mean,pop_quant_mean,concept_name,concept_id,NDC
1,32.32609645,31.95927776,emtricitabine 200 MG / Tenofovir disoproxil fumarate 300 MG Oral Tablet [Truvada],45312991,61958070101
1.3,33.65210878,42.2308342,Ritonavir 100 MG Oral Tablet [Norvir],45077293,74333330
2,32.71328164,65.35940409,raltegravir 400 MG Oral Tablet [Isentress],45059664,6022761
1.1,31.41971428,35.1484275,dolutegravir 50 MG Oral Tablet [Tivicay],44966318,49702022813
1,33.4888193,33.48131062,efavirenz 600 MG / emtricitabine 200 MG / Tenofovir disoproxil fumarate 300 MG Oral Tablet [Atripla],44946832,15584010101
1,31.46341373,31.5916835,darunavir 800 MG Oral Tablet [Prezista],44886131,59676056630
1,31.76139315,31.76653297,abacavir 600 MG / dolutegravir 50 MG / Lamivudine 300 MG Oral Tablet [Triumeq],45873726,49702023113
1,32.03616412,32.05002255,cobicistat 150 MG / elvitegravir 150 MG / emtricitabine 200 MG / tenofovir alafenamide 10 MG Oral Tablet [Genvoya],44439765,61958190101
1,32.52809199,32.54349416,abacavir 600 MG / Lamivudine 300 MG Oral Tablet [Epzicom],45068870,49702020613
1,21.17074459,25.05656651,Sulfamethoxazole 800 MG / Trimethoprim 160 MG Oral Tablet,45326451,53746027205
1,32.46276049,32.44850861,emtricitabine 200 MG / tenofovir alafenamide 25 MG Oral Tablet [Descovy],44413775,61958200201
1,31.7326261,31.74351927,cobicistat 150 MG / elvitegravir 150 MG / emtricitabine 200 MG / Tenofovir disoproxil fumarate 300 MG Oral Tablet [Stribild],45124933,61958120101
1,31.88777743,31.9379489,cobicistat 150 MG / darunavir 800 MG Oral Tablet [Prezcobix],45902840,59676057530
1.2,5.113706447,6.085336513,{6 (Azithromycin 250 MG Oral Tablet) } Pack,45000648,50111078751
1.1,19.9920069,24.87591015,Sulfamethoxazole 800 MG / Trimethoprim 160 MG Oral Tablet,45160124,65862042005
2,32.36201161,64.13486707,darunavir 600 MG Oral Tablet [Prezista],44886130,59676056201
0.8,33.62427009,27.79670505,Tenofovir disoproxil fumarate 300 MG Oral Tablet [Viread],45227588,61958040101
2,32.97294898,65.87317392,etravirine 200 MG Oral Tablet [Intelence],45261024,59676057101
2.7,21.64304406,58.46421155,Ibuprofen 800 MG Oral Tablet,45189638,53746046605
1.1,49.26350225,51.90767081,Lisinopril 10 MG Oral Tablet,44990536,68180051403
1,32.08538665,32.09413168,emtricitabine 200 MG / Rilpivirine 25 MG / Tenofovir disoproxil fumarate 300 MG Oral Tablet [Complera],45227590,61958110101
3.5,16.51724333,55.43375505,tramadol hydrochloride 50 MG Oral Tablet,45195122,68382031910
1.2,5.226523317,6.130238958,{6 (Azithromycin 250 MG Oral Tablet) } Pack,45329294,59762306001
1,32.38223117,32.53406503,Zolpidem tartrate 10 MG Oral Tablet,45350306,93007401
1.1,50.34532666,56.04996961,Lisinopril 20 MG Oral Tablet,45365854,68180051503
1,34.53879647,34.53277686,efavirenz 600 MG Oral Tablet [Sustiva],45094017,56051030
2,24.87237054,49.04159317,Naproxen 500 MG Oral Tablet,44871620,68462019005
3.9,22.24995929,84.4788306,Acetaminophen 325 MG / Hydrocodone Bitartrate 10 MG Oral Tablet,45028538,591261205
1.1,20.61148433,25.57380715,Sulfamethoxazole 800 MG / Trimethoprim 160 MG Oral Tablet,45363974,61971012005
3.4,19.34165556,63.3003346,tramadol hydrochloride 50 MG Oral Tablet,44921928,65162062711
3.8,9.580902228,38.87270447,Acetaminophen 325 MG / Oxycodone Hydrochloride 5 MG Oral Tablet,44992652,228298150
4,32.86376607,131.4119546,lopinavir 200 MG / Ritonavir 50 MG Oral Tablet [Kaletra],45043149,74679922
3.5,9.98448885,36.48128093,Acetaminophen 325 MG / Hydrocodone Bitartrate 5 MG Oral Tablet,45284426,591320205
3.5,9.30781277,34.42156929,Acetaminophen 325 MG / Hydrocodone Bitartrate 5 MG Oral Tablet,45862444,406012301
2.9,16.80481499,49.69658088,Ibuprofen 600 MG Oral Tablet,44934445,53746046505
3.4,6.122358351,21.08812464,{21 (Methylprednisolone 4 MG Oral Tablet) } Pack,45175400,59746000103
1.2,5.180174927,6.154172336,{6 (Azithromycin 250 MG Oral Tablet) } Pack,45205263,50111078766
1.7,45.01393336,77.70020065,Metoprolol Tartrate 25 MG Oral Tablet,44942687,378001805
3.5,9.999297703,36.59792439,Acetaminophen 325 MG / Hydrocodone Bitartrate 5 MG Oral Tablet,44433516,591217205
1,45.41261347,44.96819033,Rosuvastatin calcium 10 MG Oral Tablet [Crestor],44891369,310075190
1.4,38.60966159,53.30745636,Trazodone Hydrochloride 100 MG Oral Tablet,44949816,50111043401
1,32.31557884,32.34846311,emtricitabine 200 MG / Rilpivirine 25 MG / tenofovir alafenamide 25 MG Oral Tablet [Odefsey],44423388,61958210101
2.7,20.46264162,55.83355277,Ibuprofen 800 MG Oral Tablet,45903212,69238110305
1.1,53.06730672,56.24706366,Lisinopril 40 MG Oral Tablet,44956618,68180051703
1.1,5.390799178,6.206653618,{6 (Azithromycin 250 MG Oral Tablet) } Pack,44994611,781149668
1,8.738197182,8.591622883,Levofloxacin 500 MG Oral Tablet,44972864,65862053750
1,45.05825891,45.18727393,Hydrochlorothiazide 25 MG Oral Tablet,45305050,16729018317
3.5,8.648676337,32.49765163,Acetaminophen 300 MG / Codeine Phosphate 30 MG Oral Tablet,45382084,65162003311
3.4,9.686132657,34.58743246,Acetaminophen 325 MG / Hydrocodone Bitartrate 5 MG Oral Tablet,45326448,53746010901
1,49.80467696,51.27138479,Lisinopril 5 MG Oral Tablet,45007598,68180051303
1.1,55.39710498,58.56461238,Amlodipine 5 MG Oral Tablet,44939858,68180075103
1,56.00420594,56.36606164,Amlodipine 10 MG Oral Tablet,45160933,68180075203
3.4,9.666584548,33.59607799,Acetaminophen 300 MG / Codeine Phosphate 30 MG Oral Tablet,45213759,93015010
1,41.44197279,41.37085029,atorvastatin 20 MG Oral Tablet,45209967,60505257908
2,9.344887191,18.55029367,Amoxicillin 875 MG / Clavulanate 125 MG Oral Tablet,45126293,66685100100
1,45.80330266,45.81625046,atorvastatin 20 MG Oral Tablet,45158548,60505257909
1,46.42653147,46.11396633,Rosuvastatin calcium 20 MG Oral Tablet [Crestor],45078636,310075290
1.3,34.99484768,43.94235585,Trazodone Hydrochloride 50 MG Oral Tablet,45000636,50111043301
2.6,21.44304937,56.78220695,Ibuprofen 800 MG Oral Tablet [Ibu],45071551,55111068405
1.7,19.97261558,35.02069761,Nitroglycerin 0.4 MG Sublingual Tablet [Nitrostat],45332995,71041813
1.3,33.77293813,42.85965363,Trazodone Hydrochloride 50 MG Oral Tablet,45017775,50111043303
1.8,7.597515778,14.16448953,Prednisone 20 MG Oral Tablet,44926449,591544305
2,33.08852694,65.17191758,abacavir 300 MG Oral Tablet,45041102,65862007360
8.4,38.56797661,319.9892731,sevelamer carbonate 800 MG Oral Tablet [Renvela],45039080,58468013001
1.2,42.65219705,51.62949128,Furosemide 20 MG Oral Tablet,45267479,603373932
2,37.25199931,73.48961822,abacavir 300 MG Oral Tablet,45168970,31722055760
1,8.713326124,8.560296208,Levofloxacin 500 MG Oral Tablet,45297921,68382001601
1.3,36.50705716,46.03968932,Trazodone Hydrochloride 50 MG Oral Tablet,45017774,50111043302
3.2,20.41250679,64.2755316,tramadol hydrochloride 50 MG Oral Tablet,44850642,57664037718
1.6,33.53378752,53.31426408,Famotidine 20 MG Oral Tablet,45333639,172572860
1.9,8.725412598,16.88629344,Ciprofloxacin 500 MG Oral Tablet,45331036,65862007701
1,49.45797366,49.49731851,Hydrochlorothiazide 25 MG Oral Tablet,45162721,172208380
2,9.444180803,18.80938781,Amoxicillin 875 MG / Clavulanate 125 MG Oral Tablet,45063137,781185220
2,9.467105512,18.93676839,Amoxicillin 875 MG / Clavulanate 125 MG Oral Tablet,44955830,65862050320
1,47.07888229,47.0098214,atorvastatin 40 MG Oral Tablet,45227180,60505258009
1.2,39.71082993,45.58714015,pantoprazole 40 MG Delayed Release Oral Tablet,44939139,65862056090
3.6,16.86009316,57.39638467,tramadol hydrochloride 50 MG Oral Tablet,44924243,93005805
1,43.31495898,42.90590057,atorvastatin 10 MG Oral Tablet,45209965,60505257809
3.3,6.423831321,21.04682913,{21 (Methylprednisolone 4 MG Oral Tablet) } Pack,44909680,603459315
1.3,45.86092336,60.21956721,Furosemide 40 MG Oral Tablet,45164835,603374032
1,27.97058708,27.96703911,ledipasvir 90 MG / sofosbuvir 400 MG Oral Tablet [Harvoni],45873764,61958180101
4.2,12.78144237,55.70532177,Oxycodone Hydrochloride 5 MG Oral Tablet,45062005,406055201
2.2,23.51481226,52.11220758,Cyclobenzaprine hydrochloride 10 MG Oral Tablet,45130548,603307932
1,33.77021098,33.80619639,abacavir 600 MG / Lamivudine 300 MG Oral Tablet,44414327,93538256
3.2,37.52962204,116.0853179,gabapentin 600 MG Oral Tablet,45348997,68462012605
1.9,8.587724591,16.81214073,Ciprofloxacin 500 MG Oral Tablet,45099950,16252051501
3,14.62185405,45.75727029,Ibuprofen 600 MG Oral Tablet,45904168,69238110205
3.4,10.70446313,38.25376041,Acetaminophen 325 MG / Hydrocodone Bitartrate 5 MG Oral Tablet,45301638,603389021
1.2,45.96338135,53.72144206,pantoprazole 40 MG Delayed Release Oral Tablet,45859892,31722071390
2.6,21.90404474,58.57120853,Ibuprofen 800 MG Oral Tablet,45109785,67877029605
1,40.4540092,40.15499425,atorvastatin 10 MG Oral Tablet,45363582,60505257808
1,53.05948087,53.08561771,atorvastatin 20 MG Oral Tablet,44874450,378395177
1.9,45.99137769,86.82104884,Metoprolol Tartrate 50 MG Oral Tablet,45078877,378003210
2,41.64977835,82.52249243,Metformin hydrochloride 500 MG Oral Tablet,45151332,23155010210
3.3,15.50634418,52.8556489,Acetaminophen 325 MG / Hydrocodone Bitartrate 7.5 MG Oral Tablet,44840931,591260505
4,22.06653928,85.21486608,Acetaminophen 325 MG / Oxycodone Hydrochloride 10 MG Oral Tablet,45214516,228298311
1.3,40.47268437,49.57128617,Furosemide 20 MG Oral Tablet,45215221,378020810
1,23.323736,25.99773797,Sulfamethoxazole 800 MG / Trimethoprim 160 MG Oral Tablet,45326348,53489014605
1,36.21458624,36.38684359,Amlodipine 10 MG Oral Tablet,44930677,31722023910
2.7,30.15853971,78.26630516,tizanidine 4 MG Oral Tablet,45105440,55111018015
0.8,6.021899397,5.510617166,Azithromycin 500 MG Oral Tablet,44924315,93716956
1,44.66280693,44.57017203,atorvastatin 40 MG Oral Tablet,45141404,60505258008
1,32.57410828,32.64855323,Rilpivirine 25 MG Oral Tablet [Edurant],45363308,59676027801
1.7,40.93771796,70.34539345,Ranitidine 150 MG Oral Tablet,45093103,68462024805
1,40.70045356,40.98512229,Hydrochlorothiazide 25 MG Oral Tablet,45267485,603385632
1.2,37.47039084,43.30323541,pantoprazole 40 MG Delayed Release Oral Tablet,45094352,93001298
3.9,22.59820155,84.14104654,Acetaminophen 325 MG / Hydrocodone Bitartrate 10 MG Oral Tablet,45860327,406012501
1,54.35334076,53.98397981,Hydrochlorothiazide 25 MG Oral Tablet,45220152,29300012810
1,33.19757363,32.7750439,Dapsone 100 MG Oral Tablet,45000534,49938010130
4,23.14671603,88.89393706,Acetaminophen 325 MG / Oxycodone Hydrochloride 10 MG Oral Tablet,44985183,53746020401
0.3,31.5285454,9.943672989,Azithromycin 600 MG Oral Tablet,45026352,93714756
4,21.35601471,83.47594701,Oxycodone Hydrochloride 10 MG Oral Tablet,45201549,10702005601
1,52.9611288,53.39636273,Pravastatin Sodium 40 MG Oral Tablet,45299406,93720298
3.7,25.08336003,91.00265535,Acetaminophen 325 MG / Hydrocodone Bitartrate 10 MG Oral Tablet,44977342,603388732
3.8,12.4316582,48.44691852,Acetaminophen 325 MG / Oxycodone Hydrochloride 5 MG Oral Tablet,45266764,406051201
1.7,43.34190286,75.23800418,Metoprolol Tartrate 25 MG Oral Tablet,45010540,378001801
1,45.88920702,45.81137328,ezetimibe 10 MG Oral Tablet [Zetia],45143196,66582041431
1,31.15449729,31.30389756,Zolpidem tartrate 10 MG Oral Tablet,45184952,13668000805
1.1,45.00022867,47.44668554,Amlodipine 5 MG Oral Tablet,45163984,378520905
2.3,20.7392551,46.80120278,Cyclobenzaprine hydrochloride 10 MG Oral Tablet,44937311,59746017710
1,58.70738149,58.68455816,clopidogrel 75 MG Oral Tablet,45179460,93731456
1.3,37.63689545,47.08109443,Trazodone Hydrochloride 150 MG Oral Tablet,45000638,50111044101
1,32.60338729,32.65278777,abacavir 600 MG / Lamivudine 300 MG Oral Tablet,44417907,66993048230
1,8.620111937,8.37521366,Levofloxacin 500 MG Oral Tablet,45020259,55111028050
1,51.115935,51.24515087,Amlodipine 10 MG Oral Tablet,45151693,31722023990
1,52.59391255,52.60701488,atorvastatin 20 MG Oral Tablet,45105431,55111012290
1,55.76223208,55.74987712,atorvastatin 40 MG Oral Tablet,44959476,378395277
2.9,16.54580292,49.02870129,Ibuprofen 600 MG Oral Tablet [Ibu],45088439,55111068305
2.3,22.3005693,49.61625036,Cyclobenzaprine hydrochloride 10 MG Oral Tablet,45095834,378075110
2.6,8.351018655,21.81656235,Metronidazole 500 MG Oral Tablet,45222435,50111033401
3.6,12.89924296,46.37241457,Acetaminophen 325 MG / Oxycodone Hydrochloride 5 MG Oral Tablet,44976592,406051205
1.7,38.08343547,65.67813083,Ranitidine 150 MG Oral Tablet,45360590,53746025305
2,24.2807574,48.17730365,Naproxen 500 MG Oral Tablet,45109027,65162019050
2.6,8.380081364,22.2466663,Metronidazole 500 MG Oral Tablet,45903923,591521505
1.4,42.17926894,56.07470946,Furosemide 40 MG Oral Tablet,44994641,781196610
1.7,35.47875034,59.72257404,Ranitidine 150 MG Oral Tablet,45070610,53746025310
1.9,8.870301951,17.23725619,Ciprofloxacin 500 MG Oral Tablet,45259190,55111012701
2,9.445584661,18.82182465,Amoxicillin 875 MG / Clavulanate 125 MG Oral Tablet,45094391,93227534
1,51.30426371,50.81717944,atorvastatin 10 MG Oral Tablet,45351802,378395077
1.4,34.7805428,47.78438356,Trazodone Hydrochloride 100 MG Oral Tablet,45188041,50111043403
1,40.8215348,41.04817912,24 HR Bupropion Hydrochloride 300 MG Extended Release Oral Tablet,45133116,10370010250
1.7,7.677447479,13.99522762,Prednisone 20 MG Oral Tablet,45282466,143973805
1.4,41.42205491,55.3610389,Furosemide 40 MG Oral Tablet,44874400,378021610
1,19.99129627,24.20929404,Sulfamethoxazole 800 MG / Trimethoprim 160 MG Oral Tablet,45275298,53489014601
1.3,35.6837864,46.35824758,Lamivudine 150 MG Oral Tablet,45056575,60505325106
0.5,6.04462696,3.051962745,Fluconazole 150 MG Oral Tablet,45106011,57237000511
1.8,8.021415101,14.52287311,Prednisone 20 MG Oral Tablet,45298936,54001825
2.6,12.08260938,31.5251613,Ondansetron 4 MG Oral Tablet,44973742,68462010530
4.2,12.48796425,53.93822976,Oxycodone Hydrochloride 5 MG Oral Tablet,44996856,10702001801
1.1,39.30343965,41.76978972,cinacalcet 30 MG Oral Tablet [Sensipar],45173923,55513007330
2.1,44.94398477,92.61887682,Metformin hydrochloride 500 MG Oral Tablet,45904982,68382075810
1.4,42.62489198,55.42772121,Sertraline 100 MG Oral Tablet,45092105,65862001305
2,34.84944053,69.02128831,abacavir 300 MG Oral Tablet,45095863,378410591
1.1,51.24230213,55.23744767,24 HR metoprolol succinate 25 MG Extended Release Oral Tablet,45210414,62037083001
1,55.07154539,55.03383624,atorvastatin 40 MG Oral Tablet,44901401,55111012390
1.3,34.83566822,44.60543637,Lamivudine 150 MG Oral Tablet,45331059,65862055260
1.3,37.69294,46.20759747,Furosemide 20 MG Oral Tablet,44875800,781181810
3.4,15.43759496,54.05555175,Acetaminophen 325 MG / Hydrocodone Bitartrate 7.5 MG Oral Tablet,45868708,406012401
0.9,8.506617681,8.727420162,Azithromycin 250 MG Oral Tablet,45350372,93714656
1.9,28.52554564,53.05931122,{11 (varenicline 0.5 MG Oral Tablet [Chantix]) / 42 (varenicline 1 MG Oral Tablet [Chantix]) } Pack [Chantix First Month of Therapy],45905248,69047103
1.9,43.4894479,84.33836338,Metformin hydrochloride 1000 MG Oral Tablet,45373358,23155010410
1,32.19974011,32.50192072,Zolpidem tartrate 10 MG Oral Tablet,44913135,16714062202
1,36.77293025,36.88965245,Mirtazapine 15 MG Oral Tablet,45065804,13107003134
1.9,8.668959322,16.72166882,Ciprofloxacin 500 MG Oral Tablet,45179670,143992801
1,43.74497129,43.68724,sitagliptin 100 MG Oral Tablet [Januvia],44974277,6027731
3.6,11.06788236,42.2482473,Acetaminophen 325 MG / Oxycodone Hydrochloride 5 MG Oral Tablet,45871236,42858010201
1,33.65903692,33.96402534,Mirtazapine 15 MG Oral Tablet,45060478,93720656
1.1,5.113511739,5.622605626,Prednisone 50 MG Oral Tablet,45161971,54001925
2.1,24.86371446,50.52574525,Lorazepam 1 MG Oral Tablet,44960248,591024105
1,7.790421793,7.536570006,Levofloxacin 750 MG Oral Tablet,45297088,65862053820
4.4,19.20948485,81.42893345,Atropine Sulfate 0.025 MG / Diphenoxylate Hydrochloride 2.5 MG Oral Tablet,45266614,378041501
2,33.89542862,68.83959335,Acyclovir 400 MG Oral Tablet,45203029,31722077701
1.3,36.5933593,46.61213654,24 HR Bupropion Hydrochloride 150 MG Extended Release Oral Tablet,45082267,10370010150
3.3,16.14519598,54.34004429,Acetaminophen 325 MG / Hydrocodone Bitartrate 7.5 MG Oral Tablet,44994199,603389121
2,44.66309369,90.60910515,Metformin hydrochloride 500 MG Oral Tablet,45160087,65862000899
2.1,54.68611266,111.1110406,Metformin hydrochloride 500 MG Oral Tablet,45070608,53746021805
3.7,10.48409324,40.78401825,Acetaminophen 325 MG / Oxycodone Hydrochloride 5 MG Oral Tablet,45216087,603499821
2,30.5429846,62.4311278,Acyclovir 400 MG Oral Tablet,45026375,93894301
1,36.48590534,38.39446681,Amlodipine 5 MG Oral Tablet,45356809,31722023810
3.2,6.575224006,21.10517799,{21 (Methylprednisolone 4 MG Oral Tablet) } Pack,44892997,781502207
1.4,43.20038646,57.42921921,Furosemide 40 MG Oral Tablet,44940906,54429931
1.2,23.04788444,31.35216166,valacyclovir 1000 MG Oral Tablet,44891686,378427693
2.8,17.60633273,50.39792431,Ibuprofen 600 MG Oral Tablet,45126596,67877029505
1,28.54736129,29.33117347,Zolpidem tartrate 5 MG Oral Tablet,44907392,93007301
0.1,50.09137802,7.098465253,Alendronic acid 70 MG Oral Tablet,44929900,16252060144
3.5,17.44456728,58.97619349,tramadol hydrochloride 50 MG Oral Tablet,45179384,93005801
3.8,9.894552968,39.86153959,Acetaminophen 325 MG / Oxycodone Hydrochloride 5 MG Oral Tablet,45875525,54055125
1.2,25.66127717,35.20186755,valacyclovir 1000 MG Oral Tablet,45006843,65862044930
1,48.28719002,47.53574787,Rosuvastatin calcium 40 MG Oral Tablet [Crestor],45249171,310075430
4.1,23.55925724,93.04830674,Acetaminophen 325 MG / Hydrocodone Bitartrate 10 MG Oral Tablet,45096695,603388721
2.7,31.14573379,79.31207295,Baclofen 10 MG Oral Tablet,45094733,172409660
1,52.05321859,52.6459657,Pravastatin Sodium 40 MG Oral Tablet,45227156,60505017009
1.1,53.14156015,60.78361451,24 HR metoprolol succinate 50 MG Extended Release Oral Tablet,44903949,62037083101
1.5,42.99759057,62.54828466,Microencapsulated Potassium Chloride 20 MEQ Extended Release Oral Tablet,45261747,62037099901
2.5,28.35339798,65.45903922,Alprazolam 1 MG Oral Tablet,44908118,228203150
2.4,33.49737833,81.27483984,fosamprenavir 700 MG Oral Tablet [Lexiva],45085710,49702020718
1,51.17362994,51.61238466,Pravastatin Sodium 20 MG Oral Tablet,45316381,93720198
2.7,21.99498129,60.25283936,Ibuprofen 800 MG Oral Tablet,44446866,67877032105
2,33.94582704,67.06197255,abacavir 300 MG Oral Tablet,44869217,60505358306
1.2,39.31136664,47.49203609,Furosemide 20 MG Oral Tablet,44889741,54429731
1,7.875912269,7.678763793,Levofloxacin 750 MG Oral Tablet,45365927,68382001701
1.1,41.33077661,45.53012593,Lisinopril 20 MG Oral Tablet,46252076,185062010
4.4,27.48836964,116.144795,Oxycodone Hydrochloride 30 MG Oral Tablet,45145996,228287911
1,49.86677529,52.54817713,Amlodipine 5 MG Oral Tablet,45015486,31722023890
3.7,12.09343634,45.47485095,Acetaminophen 325 MG / Oxycodone Hydrochloride 5 MG Oral Tablet,44968087,53746020301
1,53.50591124,53.02722928,atorvastatin 10 MG Oral Tablet,44969035,55111012190
1.1,48.52957024,54.17623209,pantoprazole 40 MG Delayed Release Oral Tablet,45363332,59746028490
1,37.00507931,37.34092611,meloxicam 15 MG Oral Tablet,45024799,68180050203
1,50.67751469,50.64685807,clopidogrel 75 MG Oral Tablet,45346530,60505025302
1.9,8.737585979,17.03099928,Ciprofloxacin 500 MG Oral Tablet,45168157,16571041210
2.2,18.47308802,38.37318408,Diazepam 5 MG Oral Tablet,45129714,378034505
2.7,29.64406307,76.07636281,Baclofen 10 MG Oral Tablet,45026673,172409680
1,31.48963104,31.49090237,Atazanavir 300 MG / cobicistat 150 MG Oral Tablet [Evotaz],45903517,3364111
1,44.75425718,43.45990159,Rosuvastatin calcium 5 MG Oral Tablet [Crestor],45112721,310075590
1.4,33.1715353,45.06619375,Trazodone Hydrochloride 100 MG Oral Tablet,45000637,50111043402
1,51.27539315,51.61265319,Amlodipine 10 MG Oral Tablet,45859481,69097012805
1,42.54578366,42.56477631,montelukast 10 MG Oral Tablet,45127847,54025922
2,23.64201293,46.15254948,Lorazepam 0.5 MG Oral Tablet,45215958,591024005
2.2,29.98589568,62.54241512,Clonazepam 1 MG Oral Tablet,45368751,378191210
2,33.76746838,66.65996247,Lamivudine 150 MG / Zidovudine 300 MG Oral Tablet,45863537,378518091
2,54.16042035,108.9860836,Metformin hydrochloride 500 MG Oral Tablet,44857463,378718505
1,24.54200832,26.83128007,Sulfamethoxazole 800 MG / Trimethoprim 160 MG Oral Tablet,44900411,53746027201
1.1,41.67494471,45.87142467,Sertraline 50 MG Oral Tablet,45006808,65862001205
2,33.45237351,68.74798061,Acyclovir 400 MG Oral Tablet,45346565,60505530601
1.4,29.15017137,41.31837328,valacyclovir 500 MG Oral Tablet,44976481,378427593
3.5,9.829753537,35.19588524,Acetaminophen 300 MG / Codeine Phosphate 30 MG Oral Tablet,44959597,406048410
1.7,8.385068008,14.84289517,Prednisone 20 MG Oral Tablet,45077055,54001829
1,31.44966011,31.50609778,Zolpidem tartrate 10 MG Oral Tablet,45082904,13668000801
0.4,5.952692122,2.898823967,Fluconazole 150 MG Oral Tablet,45263843,68462010340
1.7,36.96098421,63.44855971,Ranitidine 150 MG Oral Tablet,45114226,781188310
2.5,29.07698244,68.72359153,Alprazolam 1 MG Oral Tablet,45080154,781107905
2.2,30.56760733,64.64244804,Clonazepam 1 MG Oral Tablet,45111500,93083301
2.1,40.31483553,85.44871497,Clonidine Hydrochloride 0.1 MG Oral Tablet,45049634,29300013510
1,46.71669782,47.17952622,Pravastatin Sodium 40 MG Oral Tablet,44854655,68462019705
1.8,15.00761205,30.50303292,Prednisone 10 MG Oral Tablet,44970977,59746017310
1,46.76326026,46.86149732,Amlodipine 10 MG Oral Tablet,45300820,378521077
0.3,29.96316022,9.632655204,Azithromycin 600 MG Oral Tablet,45039316,59762308001
1,38.63225424,38.81923952,rivaroxaban 20 MG Oral Tablet [Xarelto],45069214,50458057930
3.3,41.93173951,131.2655568,gabapentin 600 MG Oral Tablet,44855987,93444305
1,46.89876625,46.90856555,Simvastatin 20 MG Oral Tablet,45083148,16729000517
1.8,14.10449895,29.15977257,Prednisone 10 MG Oral Tablet,44960292,591544210
2,33.97663358,66.66958968,Lamivudine 150 MG / Zidovudine 300 MG Oral Tablet,46255574,64380070703
1,35.23446053,35.58901402,meloxicam 15 MG Oral Tablet,45859077,69097015907
3.9,23.98039219,91.82343352,Acetaminophen 325 MG / Oxycodone Hydrochloride 10 MG Oral Tablet,45873361,42858010401
2,33.78534027,66.43062712,Lamivudine 150 MG / Zidovudine 300 MG Oral Tablet,45213814,93538506
1.3,36.92556722,48.29414757,Sertraline 100 MG Oral Tablet,45229549,68180035302
1.4,32.58170451,47.59946449,valacyclovir 500 MG Oral Tablet,45245789,65862044830
1.7,39.65702497,68.29619557,Metoprolol Tartrate 25 MG Oral Tablet,45020947,57664050658
2.4,32.72490912,77.39119419,maraviroc 300 MG Oral Tablet [Selzentry],44847230,49702022418
1,37.52404385,37.41165952,Lamivudine 300 MG Oral Tablet,45090591,60505325203
1,39.44674664,39.5099293,clopidogrel 75 MG Oral Tablet,45085228,47335089413
0.9,45.02767112,41.87359703,Chlorthalidone 25 MG Oral Tablet,45249398,378022201
2.4,30.02470049,69.07421001,Alprazolam 2 MG Oral Tablet,45333989,228203910
1,58.74091158,58.77383647,Simvastatin 20 MG Oral Tablet,45109987,68180047903
1,40.65466997,42.61485015,Lisinopril 10 MG Oral Tablet,45248567,185061010
4.6,20.17537092,87.96229161,Atropine Sulfate 0.025 MG / Diphenoxylate Hydrochloride 2.5 MG Oral Tablet,45078892,378041510
1.3,43.48620023,55.4218854,Warfarin Sodium 5 MG Oral Tablet,45120748,51672403201
1,17.91349741,17.92834299,Fluconazole 100 MG Oral Tablet,45039323,59762501601
2,37.0285394,73.17982247,apixaban 5 MG Oral Tablet [Eliquis],45298480,3089421
1,30.82222253,30.97311189,Zolpidem tartrate 10 MG Oral Tablet,44976495,378531001
1.8,7.909082147,14.60248094,Prednisone 20 MG Oral Tablet,45022150,59746017506
2,29.2394568,55.73906729,Clonazepam 0.5 MG Oral Tablet,45213782,93083201
1.5,34.06405326,51.89660589,Famotidine 20 MG Oral Tablet,45162759,172572880
4.1,25.16705373,102.128451,Oxycodone Hydrochloride 15 MG Oral Tablet,45129024,228287811
1,48.56904629,49.09995535,Hydrochlorothiazide 12.5 MG Oral Tablet,45270940,16729018201
1.9,8.544638523,16.47703999,Ciprofloxacin 500 MG Oral Tablet,45048944,16571041250
1,40.32953222,40.06685649,atorvastatin 10 MG Oral Tablet,44891681,378395005
2.2,24.35520927,52.5134177,Lorazepam 1 MG Oral Tablet,45130434,591024110
4.3,27.99253824,117.6356721,Oxycodone Hydrochloride 30 MG Oral Tablet,44942875,406853001
1,51.93667521,52.0973717,Losartan Potassium 100 MG Oral Tablet,44955811,65862020399
1.9,43.35147104,81.86106543,Gemfibrozil 600 MG Oral Tablet,44998341,31722022505
1.1,52.30863204,55.89529429,Amlodipine 5 MG Oral Tablet,45869543,69097012705
1.9,29.67256179,55.8480922,Clonazepam 0.5 MG Oral Tablet,45300788,378191010
1,7.723035714,7.448609175,Levofloxacin 750 MG Oral Tablet,45020260,55111028130
3.4,19.16640184,62.80311317,tramadol hydrochloride 50 MG Oral Tablet,44921929,65162062750
2.2,26.58334002,55.73846951,Alprazolam 0.5 MG Oral Tablet,44941989,228202996
1.1,46.78113258,49.69958381,24 HR metoprolol succinate 25 MG Extended Release Oral Tablet,46365628,49884082510
1,32.36960175,32.38770549,Mirtazapine 15 MG Oral Tablet,45133674,13107003105
1.4,49.6436771,67.38359058,Furosemide 40 MG Oral Tablet,44413966,69315011710
1,48.69164248,48.82266159,Levothyroxine Sodium 0.05 MG Oral Tablet,45198015,378180310
3.8,24.3956343,90.95091611,Acetaminophen 325 MG / Oxycodone Hydrochloride 10 MG Oral Tablet,44932367,47781023005
1.9,14.41871689,30.778819,Prednisone 10 MG Oral Tablet,44924529,143973910
2.2,8.768694885,19.04929894,Amoxicillin 500 MG / Clavulanate 125 MG Oral Tablet,45246037,66685100200
2.7,9.725995877,26.17157943,Ondansetron 4 MG Disintegrating Oral Tablet,45229692,68462015713
1.1,24.07398327,26.85968255,Fluconazole 200 MG Oral Tablet,45297998,68462010430
4,21.59288309,83.4395464,Oxycodone Hydrochloride 10 MG Oral Tablet,44973690,68382079401
0.9,30.00130777,30.28854039,Sulfamethoxazole 400 MG / Trimethoprim 80 MG Oral Tablet,45019325,53746027101
2.1,52.57733564,108.3640353,carvedilol 25 MG Oral Tablet,45009139,93729605
3.5,19.30991776,65.2613611,tramadol hydrochloride 50 MG Oral Tablet,45334821,378415105
1.2,39.14734848,45.00506708,Ranitidine 300 MG Oral Tablet,45138419,53746025402
1.2,26.66533747,34.93398832,valacyclovir 1000 MG Oral Tablet,45227958,63304090530
3.3,11.75236988,40.46549781,Acetaminophen 325 MG / Hydrocodone Bitartrate 5 MG Oral Tablet,45870849,406012305
1,34.71175242,36.23432182,Mirtazapine 30 MG Oral Tablet,45179454,93720756
1,18.80802509,18.99161306,Fluconazole 100 MG Oral Tablet,45348994,68462010230
1.1,49.83429485,54.85780779,Losartan Potassium 50 MG Oral Tablet,45314114,65862020299
3.5,20.50118553,67.84635258,tramadol hydrochloride 50 MG Oral Tablet,44980769,16714011112
1,53.71455669,54.05886616,Amlodipine 10 MG Oral Tablet,44428928,69097083805
2,28.90760693,58.16827892,Acyclovir 400 MG Oral Tablet,45213843,93894305
1,39.42406,39.71371443,Amlodipine 10 MG Oral Tablet,44942757,378521005
3.2,20.45684527,64.47579469,tramadol hydrochloride 50 MG Oral Tablet,45123032,57664037713
1.2,41.84226665,47.69959961,pantoprazole 40 MG Delayed Release Oral Tablet,45014617,13668042990
1,51.47457015,53.44685442,Lisinopril 2.5 MG Oral Tablet,45076072,68180051202
1.1,37.39422871,39.49373605,Mirtazapine 30 MG Oral Tablet,44997421,13107000334
1.3,34.23566966,42.70733537,24 HR Bupropion Hydrochloride 150 MG Extended Release Oral Tablet,45252867,10370010103
2.2,30.80830059,66.6618656,Clonidine Hydrochloride 0.1 MG Oral Tablet,44873638,228212750
2,50.8433037,103.1476177,carvedilol 12.5 MG Oral Tablet,45231054,93729505
1,41.09678893,41.06476481,clopidogrel 75 MG Oral Tablet,44997723,16729021816
2,32.17594711,65.08403386,maraviroc 150 MG Oral Tablet [Selzentry],45205037,49702022318
1,50.91026714,50.94821064,montelukast 10 MG Oral Tablet,45321820,13668008130
2,9.458404652,18.74536976,Amoxicillin 875 MG / Clavulanate 125 MG Oral Tablet,45314369,66685100101
1.2,40.49255972,48.80379,Famotidine 40 MG Oral Tablet,45111887,172572960
1.1,36.13483742,40.60902117,pantoprazole 40 MG Delayed Release Oral Tablet,46251126,66993006885
1,37.69688383,38.00256867,Amlodipine 10 MG Oral Tablet,44858259,603211032
1,47.83795101,47.42312348,atorvastatin 80 MG Oral Tablet,44886402,60505267109
1.7,14.42682919,29.44181399,Prednisone 10 MG Oral Tablet,45192457,59746017306
1,51.33265857,51.57766523,montelukast 10 MG Oral Tablet,45874066,31722072630
1.1,49.47044305,55.79456419,24 HR metoprolol succinate 50 MG Extended Release Oral Tablet,46332338,49884082610
1,54.42298764,54.45159262,Levothyroxine Sodium 0.05 MG Oral Tablet,45215737,527134210
2.5,14.8209769,38.08364068,Ondansetron 4 MG Oral Tablet,44955045,63304045830
1.1,48.67821439,54.87049201,Lisinopril 20 MG Oral Tablet,45900648,43547035411
1,41.59806201,41.63846847,Linagliptin 5 MG Oral Tablet [Tradjenta],45011370,597014030
1,7.756405632,8.265618147,Azithromycin 250 MG Oral Tablet,45243990,59762306002
2.6,8.600645819,22.43317471,Metronidazole 500 MG Oral Tablet,44966532,50111033402
2.9,14.97708512,45.71118764,Ibuprofen 600 MG Oral Tablet,44900413,53746046501
1,43.94037503,44.01237684,montelukast 10 MG Oral Tablet,44907475,93742698
3.1,38.07952854,115.3671525,gabapentin 800 MG Oral Tablet,44871612,68462012705
1.1,21.83001283,23.04054494,Fluconazole 200 MG Oral Tablet,45192484,59762501801
1,35.22591879,35.41890416,24 HR Bupropion Hydrochloride 300 MG Extended Release Oral Tablet,45184301,10370010203
1.1,35.24710686,39.46403455,Sertraline 50 MG Oral Tablet,45297867,68180035202
1,43.38319611,43.35930414,Fenofibrate 145 MG Oral Tablet,45874777,45802013275
3.6,13.27360859,47.26878383,Acetaminophen 325 MG / Oxycodone Hydrochloride 5 MG Oral Tablet,44883250,53746020305
2,24.99831197,49.43786513,Naproxen 500 MG Oral Tablet,45246648,68462019001
1.9,47.0768093,91.38678943,Metformin hydrochloride 1000 MG Oral Tablet,45901380,68382076010
2,39.92550556,81.69747669,Metformin hydrochloride 500 MG Oral Tablet,45038067,57664039758
3.8,26.31668426,96.80992195,Acetaminophen 325 MG / Oxycodone Hydrochloride 10 MG Oral Tablet [Endocet],45039634,60951071270
1.1,36.3142408,38.43934365,Citalopram 20 MG Oral Tablet,45116905,13668001005
1.1,43.58578742,46.66609801,24 HR metoprolol succinate 25 MG Extended Release Oral Tablet,45224999,55111046605
1.9,46.08779061,86.31423193,Metoprolol Tartrate 50 MG Oral Tablet,44989751,65862006399
1,31.22416046,31.35956245,Zolpidem tartrate 10 MG Oral Tablet,45097174,781531810
1.3,40.80990658,52.96241061,Warfarin Sodium 5 MG Oral Tablet,46253115,93172101
2.4,14.27861708,35.89079037,Ondansetron 4 MG Oral Tablet,44863837,45963053830
3.9,21.66778297,82.23247507,Acetaminophen 325 MG / Hydrocodone Bitartrate 10 MG Oral Tablet,45106106,57664017688
2,32.89808031,64.63465922,Lamivudine 150 MG / Zidovudine 300 MG Oral Tablet,44989786,65862059760
1.3,27.41438776,36.16066288,Colchicine 0.6 MG Oral Tablet,45905415,66993016502
1,38.67239226,38.7251281,Amlodipine 10 MG Oral Tablet,44871554,68382012305
1.3,34.32524131,43.40971367,Trazodone Hydrochloride 50 MG Oral Tablet,45045625,603616032
1,30.26859903,30.20243022,Zolpidem tartrate 10 MG Oral Tablet,44874467,378531005
1.1,48.85263238,53.04318833,24 HR metoprolol succinate 25 MG Extended Release Oral Tablet,45381132,62037083010
1,36.22781325,37.38913471,Amlodipine 5 MG Oral Tablet,45062684,603210932
1,48.07564838,48.31484396,Levothyroxine Sodium 0.05 MG Oral Tablet,45198014,378180301
1.6,27.76389384,48.14163052,Acyclovir 800 MG Oral Tablet,44975115,93894701
1.2,51.33558297,62.4520811,Hydrochlorothiazide 12.5 MG / Lisinopril 20 MG Oral Tablet,45143751,68180051902
1.1,49.18955174,52.79549723,Lisinopril 10 MG Oral Tablet,45905524,43547035311
1,47.64149352,47.69518256,Pravastatin Sodium 20 MG Oral Tablet,45158522,60505016909
1,43.84279893,43.80892474,clopidogrel 75 MG Oral Tablet,45327385,55111019605
1.3,41.75605611,53.5433192,Trazodone Hydrochloride 50 MG Oral Tablet,44903529,60505265305
1.2,32.37236944,37.30536744,cinacalcet 60 MG Oral Tablet [Sensipar],44969417,55513007430
1,50.61859494,52.39675909,Hydrochlorothiazide 25 MG / Lisinopril 20 MG Oral Tablet,45058981,68180052002
1,36.93606273,37.14266651,Amlodipine 10 MG Oral Tablet,44423458,69097083815
1.3,48.01372914,60.29873397,Furosemide 20 MG Oral Tablet,44418164,69315011610
1.1,43.84063913,50.81308757,24 HR metoprolol succinate 50 MG Extended Release Oral Tablet,45242037,55111046705
1,30.51991376,30.65843324,Zolpidem tartrate 10 MG Oral Tablet,45133721,13668000810
2,58.01298351,112.6534452,Metformin hydrochloride 1000 MG Oral Tablet,44900409,53746022005
1.1,54.70385782,62.21383536,24 HR metoprolol succinate 100 MG Extended Release Oral Tablet,45005746,62037083201
2,49.3761998,98.38370693,carvedilol 6.25 MG Oral Tablet,45350311,93013505
1.1,41.95138235,44.42741202,Citalopram 20 MG Oral Tablet,45129773,378623201
2.5,9.374931715,24.00480131,Ondansetron 4 MG Disintegrating Oral Tablet,45041120,65862039010
0.1,38.23738045,5.381135508,Alendronic acid 70 MG Oral Tablet,44890160,93517144
1,41.72806328,41.722684,atorvastatin 20 MG Oral Tablet,44993390,378395105
3.1,38.13087478,115.3407219,gabapentin 600 MG Oral Tablet,44998344,31722040505
1,46.90503334,46.97757384,Fenofibrate 145 MG Oral Tablet,45179415,93206098
1.3,41.53638283,52.98226406,24 HR Bupropion Hydrochloride 150 MG Extended Release Oral Tablet,45904394,45963014190
1,44.23839756,44.24953341,montelukast 10 MG Oral Tablet,45196080,54025913
1,53.07211793,52.33087113,atorvastatin 20 MG Oral Tablet,45226922,59762015602
1.5,35.806641,52.27500033,Microencapsulated Potassium Chloride 20 MEQ Extended Release Oral Tablet,45268010,781572001
2.1,26.94677854,55.96192151,Alprazolam 0.5 MG Oral Tablet,45092512,67253090150
1.1,48.04960105,50.94714787,Lisinopril 10 MG Oral Tablet,45868244,16729019617
1,38.90072832,40.07464137,meloxicam 15 MG Oral Tablet,45032689,29300012510
1,48.72182098,48.66837011,Amlodipine 10 MG Oral Tablet,45859485,29300024310
3.9,32.34089799,124.5148694,etravirine 100 MG Oral Tablet [Intelence],45209693,59676057001
1.3,32.82673935,40.06318833,Trazodone Hydrochloride 150 MG Oral Tablet,45034844,50111044102
0.4,5.908703443,2.79838503,Fluconazole 150 MG Oral Tablet,44969038,55111014512
1.1,39.0614119,41.54120037,Citalopram 20 MG Oral Tablet,45245759,65862000605
1.7,15.04611485,29.77894855,Prednisone 10 MG Oral Tablet,45315901,54001725
1.8,45.75820708,85.07416835,Metoprolol Tartrate 50 MG Oral Tablet,45020944,57664047758
2,30.18194616,59.26589541,{56 (varenicline 1 MG Oral Tablet [Chantix]) } Pack [Chantix Continuing Months Of Therapy],45902325,69046903
0.8,6.207989661,5.625455927,Azithromycin 500 MG Oral Tablet,45158325,59762307002
1.8,12.48855039,23.10060929,doxycycline hyclate 100 MG Oral Tablet,44926460,591555350
1.2,56.93321866,66.23685769,Atenolol 50 MG Oral Tablet,45146694,378023110
3.4,19.40810417,64.23376762,tramadol hydrochloride 50 MG Oral Tablet,46253561,69543013611
1,35.55978951,35.70786242,atorvastatin 20 MG Oral Tablet,45122379,55111012205
4,13.52674729,54.97834074,Oxycodone Hydrochloride 5 MG Oral Tablet,44867692,57664022388
1,41.74416944,41.44639166,Rosuvastatin calcium 10 MG Oral Tablet,44437041,16252061630
2.5,39.0301576,96.76126569,Levetiracetam 500 MG Oral Tablet,45229542,68180011302
3,17.60466042,54.99889001,Ibuprofen 400 MG Oral Tablet,44985188,53746046405
1.7,31.52746239,53.11792498,benztropine mesylate 1 MG Oral Tablet,44994174,603243421
2,40.60724296,80.21714558,Nevirapine 200 MG Oral Tablet,44862373,31722050560
2.4,29.30274467,68.75830956,Alprazolam 2 MG Oral Tablet,45022184,59762372203
1,35.05180451,34.94540366,Lamivudine 300 MG Oral Tablet,44853738,65862055330
2.6,28.36148905,69.73448303,Divalproex Sodium 500 MG Delayed Release Oral Tablet,45227823,62756079813
1,43.50760638,43.4254024,atorvastatin 40 MG Oral Tablet,45300806,378395205
1.1,45.8305433,51.11695321,Lisinopril 20 MG Oral Tablet,45861981,16729019717
1.1,47.63803708,53.74818917,24 HR metoprolol succinate 50 MG Extended Release Oral Tablet,44903950,62037083110
1.5,42.39356737,60.57611596,Trazodone Hydrochloride 100 MG Oral Tablet,45329532,60505265401
1,53.60435373,53.41616152,Simvastatin 40 MG Oral Tablet,45032081,16729000617
1.5,32.52375014,47.63942162,Microencapsulated Potassium Chloride 20 MEQ Extended Release Oral Tablet,44858774,781572010
1,55.71777529,54.61556449,atorvastatin 40 MG Oral Tablet,45141143,59762015702
1,37.2633113,38.90660361,Amlodipine 5 MG Oral Tablet,45280530,67877019805
1,58.09574076,56.50275007,Finasteride 5 MG Oral Tablet,45043361,93735556
2.2,24.17549125,51.0553958,Lorazepam 1 MG Oral Tablet,45011419,603424732
3.6,17.53449626,63.67152472,Acetaminophen 325 MG / Oxycodone Hydrochloride 7.5 MG Oral Tablet,44992653,228298211
1.9,8.974430032,17.09334067,Ciprofloxacin 500 MG Oral Tablet,45009455,172531260
2.3,28.63392783,61.40315461,Alprazolam 0.5 MG Oral Tablet,45046015,781107705
4.4,20.09443852,85.37781607,Atropine Sulfate 0.025 MG / Diphenoxylate Hydrochloride 2.5 MG Oral Tablet,44937324,59762106101
1.2,33.37680246,38.53452258,pantoprazole 40 MG Delayed Release Oral Tablet,45129774,378668910
1.4,34.33592654,45.85401671,Trazodone Hydrochloride 100 MG Oral Tablet,45130595,603616132
1,44.51893891,44.84276437,Pravastatin Sodium 20 MG Oral Tablet,45280899,68462019605
1.1,49.96791891,54.27362047,24 HR Isosorbide Mononitrate 30 MG Extended Release Oral Tablet,44878597,13668010401
2,38.34877149,76.38426971,Metformin hydrochloride 500 MG Oral Tablet,45151331,23155010205
1.9,50.28725314,96.22781989,Metoprolol Tartrate 100 MG Oral Tablet,45232397,378004710
1.2,45.57163661,54.15713592,pantoprazole 40 MG Delayed Release Oral Tablet,45903944,62175061743
1,36.27916751,36.60650534,Amlodipine 10 MG Oral Tablet,44888419,67877019905
1.3,38.24595998,50.36980685,Sertraline 100 MG Oral Tablet,45339683,31722021405
1,50.12493059,50.07993765,Fenofibrate 160 MG Oral Tablet,44924424,115552210
2.6,25.68684428,66.66629665,tizanidine 2 MG Oral Tablet,45071510,55111017915
1,41.27772637,41.53100157,Amlodipine 10 MG Oral Tablet,45212111,67877019910
3.3,12.01555865,41.50991819,Acetaminophen 325 MG / Hydrocodone Bitartrate 5 MG Oral Tablet,45267488,603389032
2,31.16826155,60.72802388,varenicline 1 MG Oral Tablet [Chantix],45350048,69046956
1.4,36.38691075,48.61726012,Sertraline 100 MG Oral Tablet,44937337,59762491005
1,44.92845439,44.84990229,Fenofibrate 145 MG Oral Tablet,45314964,68382023016
4.1,23.78542446,94.37650792,Acetaminophen 325 MG / Oxycodone Hydrochloride 10 MG Oral Tablet,45368859,406052301
1,37.51949184,37.56154398,atorvastatin 40 MG Oral Tablet,44935373,55111012305
3.9,23.36860821,88.09185738,Acetaminophen 325 MG / Hydrocodone Bitartrate 10 MG Oral Tablet,45864545,406012505
3.3,11.67384424,40.50981688,Acetaminophen 325 MG / Hydrocodone Bitartrate 5 MG Oral Tablet,44917466,53746010905
1,50.15442533,50.07713139,Levothyroxine Sodium 0.075 MG Oral Tablet,45044748,378180510
1,52.99256441,52.92854898,clopidogrel 75 MG Oral Tablet,45211530,65862035790
3,14.11572499,42.22771086,Promethazine Hydrochloride 25 MG Oral Tablet,45279841,65162052110
2,22.09826251,43.89052466,Lorazepam 0.5 MG Oral Tablet,45335671,603424628
1.1,50.6930329,53.39453505,Amlodipine 5 MG Oral Tablet,44428927,69097083705
1,52.57489442,51.73303139,atorvastatin 20 MG Oral Tablet,44903289,59762015601
1.4,32.74064662,50.89345583,Prednisone 5 MG Oral Tablet,45039296,59746017210
1.4,32.53341838,45.54865887,valacyclovir 500 MG Oral Tablet,45193479,63304090430
2,33.47574285,65.22595369,abacavir 300 MG / Lamivudine 150 MG / Zidovudine 300 MG Oral Tablet,45143746,68180028607
3.3,8.634821686,30.61551845,Penicillin V Potassium 500 MG Oral Tablet,45060447,93117410
2.2,26.11615216,56.3844381,Morphine Sulfate 15 MG Extended Release Oral Tablet,45101892,42858080101
1,43.89807604,43.93959702,Amlodipine 10 MG Oral Tablet,44868965,59762154003
1.3,35.80588996,52.749429,Prednisone 5 MG Oral Tablet,45025892,54472831
1,49.06185612,49.10333354,Levothyroxine Sodium 0.1 MG Oral Tablet,45010568,378180910
1,45.34441859,45.94531171,Levothyroxine Sodium 0.025 MG Oral Tablet,45129732,378180001
1.1,50.7769738,56.4561354,Spironolactone 25 MG Oral Tablet,44985190,53746051105
3,13.81063214,42.43141832,Promethazine Hydrochloride 25 MG Oral Tablet,45093021,68382004101
1.1,57.12277038,61.87343176,Losartan Potassium 50 MG Oral Tablet,44861616,16571050111
1,50.21640458,49.53098239,atorvastatin 80 MG Oral Tablet,44942742,378395377
2.9,24.78405273,72.0035607,Metoclopramide 10 MG Oral Tablet,45128284,93220305
1,41.2062099,41.23280564,montelukast 10 MG Oral Tablet,45859322,31722072690
2.4,19.56215037,49.01717415,Meclizine Hydrochloride 25 MG Oral Tablet,44989627,65162044210
0.1,43.25681967,6.118459788,Alendronic acid 70 MG Oral Tablet,46251264,69097022416
1.8,39.31643766,69.54809279,12 HR Bupropion Hydrochloride 150 MG Extended Release Oral Tablet,45317813,378341201
2,43.02820189,87.63468829,Metformin hydrochloride 500 MG Oral Tablet,45311049,57664039753
3.7,11.15948606,43.86156952,Acetaminophen 325 MG / Oxycodone Hydrochloride 5 MG Oral Tablet,45031785,13107004401
1.1,50.70676757,53.98662097,Amlodipine 5 MG Oral Tablet,45863295,29300024210
1,40.64336167,41.31602001,sitagliptin 50 MG Oral Tablet [Januvia],45298545,6011231
1,38.19788547,39.50092463,Escitalopram 10 MG Oral Tablet,44913144,16729016901
1.1,49.55269186,55.29292309,Losartan Potassium 50 MG Oral Tablet,45126033,65862020290
3.2,11.76936721,38.26684429,Acetaminophen 300 MG / Codeine Phosphate 30 MG Oral Tablet,45230985,93015001
1,47.56343265,47.59146453,Fenofibrate 160 MG Oral Tablet,45044797,378710177
1.7,37.09668243,62.10397395,Ranitidine 150 MG Oral Tablet,45258261,53746025360
1,37.95085633,37.98407684,meloxicam 15 MG Oral Tablet,45859076,69097015915
2.5,13.29790412,35.01801075,Ondansetron 4 MG Oral Tablet,45105434,55111015330
1.3,34.60959395,44.67738895,meloxicam 7.5 MG Oral Tablet,44922808,68180050103
1,43.4752223,43.98726919,Levothyroxine Sodium 0.025 MG Oral Tablet,44874422,378180010
2.5,10.6439874,27.81358599,Ondansetron 4 MG Disintegrating Oral Tablet,44840209,378773293
2.8,16.60910761,48.94794649,Prochlorperazine 10 MG Oral Tablet,45039295,59746011506
2.5,18.82895063,46.59583919,Meclizine Hydrochloride 25 MG Oral Tablet,44903276,59746012106
2.1,23.78705451,49.39513761,Lorazepam 1 MG Oral Tablet,45044755,378245710
2,24.28882293,49.13691918,Lorazepam 1 MG Oral Tablet,45011418,603424728
1,38.71559472,40.06365661,Amlodipine 5 MG Oral Tablet,45178024,68382012205
1.6,29.41966154,51.73874914,Acyclovir 800 MG Oral Tablet,45083730,31722077801
3.1,19.70367301,61.74668742,Dicyclomine Hydrochloride 20 MG Oral Tablet,44959446,378162001
1,61.23318384,61.36987037,Losartan Potassium 100 MG Oral Tablet,45236581,16571050211
2,9.388031008,18.79327132,Amoxicillin 875 MG Oral Tablet,44922047,65862001501
1.9,28.30584547,54.71830926,Clonazepam 0.5 MG Oral Tablet,45112089,185006305
2.3,19.7845427,44.32906695,Cyclobenzaprine hydrochloride 5 MG Oral Tablet,45096678,603307821
4.1,12.60255455,52.59567971,Oxycodone Hydrochloride 5 MG Oral Tablet,45864925,65162004710
2,48.33185788,96.17905169,carvedilol 3.125 MG Oral Tablet,44907388,93005105
3.4,21.06239916,70.06282443,Morphine Sulfate 15 MG Oral Tablet,45111053,54023525
1,42.04920337,41.86124128,Rosuvastatin calcium 20 MG Oral Tablet,44439683,16252061730
1.4,35.40531555,49.88331473,quetiapine 100 MG Oral Tablet,45007595,68180044701
1.8,36.63867701,66.90179332,Zidovudine 300 MG Oral Tablet,45168967,31722050960
4.2,10.69187868,49.06921556,Hydromorphone Hydrochloride 2 MG Oral Tablet,45062017,406324301
1,47.96523196,47.86034238,Levothyroxine Sodium 0.075 MG Oral Tablet,45146720,378180501
2.4,28.48136185,67.76430112,Alprazolam 1 MG Oral Tablet,44903304,59762372104
1.5,30.48175125,45.28676196,Famotidine 20 MG Oral Tablet,45124815,61442012110
1.3,30.72117107,39.05787896,meloxicam 7.5 MG Oral Tablet,45868004,69097015807
3.1,19.21005904,60.72869733,Acetaminophen 325 MG / Hydrocodone Bitartrate 7.5 MG Oral Tablet,45284513,603389132
1,41.76160838,41.88234919,24 HR Bupropion Hydrochloride 300 MG Extended Release Oral Tablet,45076154,68382035405
2.1,20.88720202,43.36173151,Diazepam 5 MG Oral Tablet,44975387,172392670
1,34.80344433,35.0051832,meloxicam 15 MG Oral Tablet,45383097,68382005101
1,54.71054307,55.04168536,Levothyroxine Sodium 0.075 MG Oral Tablet,45079449,527134310
2.4,28.02194905,64.33858948,Morphine Sulfate 30 MG Extended Release Oral Tablet,44982583,42858080201
1.2,47.05584686,53.99527197,Atenolol 50 MG Oral Tablet,45216466,781150610
1.9,55.62764995,107.5001488,Metformin hydrochloride 1000 MG Oral Tablet,45232472,378718705
2.2,21.05386746,46.54604482,Cyclobenzaprine hydrochloride 10 MG Oral Tablet,45031253,10702000750
1.9,45.72211797,87.00557861,Gemfibrozil 600 MG Oral Tablet,45196494,93067005
2.5,29.59786248,71.31486856,Alprazolam 1 MG Oral Tablet,45229124,67253090211
1,49.56353519,49.556985,Losartan Potassium 100 MG Oral Tablet,45092128,65862020390
1,36.80456473,36.83579974,24 HR Nevirapine 400 MG Extended Release Oral Tablet,45862892,781589331
1,47.78360406,48.0280589,Levothyroxine Sodium 0.1 MG Oral Tablet,44925699,378180901
2.5,32.51276565,78.33039778,Divalproex Sodium 500 MG Delayed Release Oral Tablet,44990602,68382003305
1.4,32.6821475,45.56149394,quetiapine 100 MG Oral Tablet,45049090,16729014701
1.8,27.99592843,49.9474647,benztropine mesylate 1 MG Oral Tablet,44841642,832108110
1.1,39.17038385,41.73918019,Escitalopram 20 MG Oral Tablet,45168308,16729017001
1,50.20511234,49.66808038,Finasteride 5 MG Oral Tablet,45100700,31722052590
0.1,40.91625151,5.78424706,Alendronic acid 70 MG Oral Tablet,44913136,16714063301
1,37.83669992,37.90732698,montelukast 10 MG Oral Tablet,45867665,31722072610
1,46.99537525,48.45882077,Lisinopril 2.5 MG Oral Tablet,45263708,68180051201
1,52.59576457,53.56261107,Levothyroxine Sodium 0.025 MG Oral Tablet,45164524,527134110
3.3,20.70366509,68.95624083,tramadol hydrochloride 50 MG Oral Tablet,45345049,57664037708
1,32.56814945,32.71373193,meloxicam 15 MG Oral Tablet,44905943,68382005105
2.8,10.19850901,28.29819176,Ondansetron 4 MG Disintegrating Oral Tablet,44910155,781523864
2.2,53.88213857,116.2211729,24 HR Metformin hydrochloride 500 MG Extended Release Oral Tablet,44900406,53746017810
